{"name":"Hello","identifier":"LPHFAM6HCB","description":"Greeting","parentIntentSignature":null,"sampleUtterances":[{"utterance":"Hello"},{"utterance":"Hi, I need some help"},{"utterance":"May I ask you somethng?"},{"utterance":"I need some information now"},{"utterance":"Hi, I have a question"},{"utterance":"Doctor AI"},{"utterance":"Hi, Doctor AI"},{"utterance":"Hi, Doctor AI. This is doctor {doctor_name}"},{"utterance":"Hi, I am doctor {doctor_name}"},{"utterance":"This is doctor {doctor_name}"},{"utterance":"This is {doctor_name}"}],"intentConfirmationSetting":null,"intentClosingSetting":null,"inputContexts":null,"outputContexts":[{"name":"contextHello","timeToLiveInSeconds":90,"turnsToLive":5}],"kendraConfiguration":null,"dialogCodeHook":null,"fulfillmentCodeHook":{"postFulfillmentStatusSpecification":{"timeoutResponse":null,"successResponse":{"messageGroupsList":[{"message":{"ssmlMessage":null,"customPayload":null,"plainTextMessage":{"value":"Hello, how may I help you?"},"imageResponseCard":null},"variations":[{"ssmlMessage":null,"customPayload":null,"plainTextMessage":{"value":"What do you want to know?"},"imageResponseCard":null},{"ssmlMessage":null,"customPayload":null,"plainTextMessage":{"value":"Tell me doctor {doctor_name}"},"imageResponseCard":null}]}],"allowInterrupt":true},"failureResponse":{"messageGroupsList":[{"message":{"ssmlMessage":null,"customPayload":null,"plainTextMessage":{"value":"Sorry, I can't seem to recognize you {doctor_name}"},"imageResponseCard":null},"variations":null}],"allowInterrupt":true}},"fulfillmentUpdatesSpecification":null,"enabled":true},"slotPriorities":[{"priority":1,"slotName":"doctor_name"}]}