{"name":"CountICUVisit","identifier":"KG2UHKCBWI","description":"Count how many times did this patient visit ICU","parentIntentSignature":null,"sampleUtterances":[{"utterance":"How many times did {name} visit the ICU?"},{"utterance":"How many times was {name} sent to the ICU?"},{"utterance":"How many ICU visits does {name} have?"},{"utterance":"Times {name} visited the ICU?"},{"utterance":"How many times did she visit the ICU?"},{"utterance":"How many times did he visit the ICU?"},{"utterance":"Her times in the ICU"},{"utterance":"His times in the ICU"}],"intentConfirmationSetting":null,"intentClosingSetting":null,"inputContexts":[{"name":"contextProvideName","timeToLiveInSeconds":null,"turnsToLive":null},{"name":"contextCountICUVisit","timeToLiveInSeconds":null,"turnsToLive":null}],"outputContexts":[{"name":"contextCountICUVisit","timeToLiveInSeconds":90,"turnsToLive":5}],"kendraConfiguration":null,"dialogCodeHook":null,"fulfillmentCodeHook":{"postFulfillmentStatusSpecification":{"timeoutResponse":null,"failureResponse":{"messageGroupsList":[{"message":{"ssmlMessage":null,"customPayload":null,"plainTextMessage":{"value":"Sorry, I do not know the answer."},"imageResponseCard":null},"variations":null}],"allowInterrupt":true},"successResponse":{"messageGroupsList":[{"message":{"ssmlMessage":null,"customPayload":null,"plainTextMessage":{"value":"Anything else?"},"imageResponseCard":null},"variations":null}],"allowInterrupt":true}},"fulfillmentUpdatesSpecification":null,"enabled":true},"slotPriorities":[{"priority":1,"slotName":"name"}]}