{"name":"count","identifier":"7IQEVJOX16","description":null,"slotTypeName":"AMAZON.Number","obfuscationSetting":null,"valueElicitationSetting":{"promptSpecification":{"messageGroupsList":[{"message":{"ssmlMessage":null,"customPayload":null,"plainTextMessage":{"value":"1"},"imageResponseCard":null},"variations":null}],"maxRetries":4,"allowInterrupt":true},"slotConstraint":"Optional","defaultValueSpecification":{"defaultValueList":[{"defaultValue":"#contextCountICUVisit.count"}]},"sampleUtterances":null,"waitAndContinueSpecification":null},"multipleValuesSetting":null}