{"name":"AskForInfectionOrganism","identifier":"9GGOCVLRI4","description":null,"parentIntentSignature":null,"sampleUtterances":[{"utterance":"Show patient's ICU visit microlab record"},{"utterance":"What organism infected the patient?"},{"utterance":"Show the last {count} ICU visit microlab record"},{"utterance":"What was the organism that infected {name} last {count} times?"},{"utterance":"Which organism infected {name}"},{"utterance":"Which bacterium or virus caused {name} last infection?"},{"utterance":"{name} last {count} ICU visit was caused by which infection?"},{"utterance":"Tell me which organism infected {name} last {count} times."},{"utterance":"Tell me the organism of his last {count} ICU visits."}],"intentConfirmationSetting":null,"intentClosingSetting":null,"inputContexts":[{"name":"contextCountICUVisit","timeToLiveInSeconds":null,"turnsToLive":null},{"name":"contextProvideName","timeToLiveInSeconds":null,"turnsToLive":null}],"outputContexts":[{"name":"contextAskForInfectionOrganism","timeToLiveInSeconds":90,"turnsToLive":5}],"kendraConfiguration":null,"dialogCodeHook":null,"fulfillmentCodeHook":{"postFulfillmentStatusSpecification":{"timeoutResponse":null,"successResponse":null,"failureResponse":{"messageGroupsList":[{"message":{"ssmlMessage":null,"customPayload":null,"plainTextMessage":{"value":"Sorry, I don't know."},"imageResponseCard":null},"variations":null}],"allowInterrupt":true}},"fulfillmentUpdatesSpecification":null,"enabled":true},"slotPriorities":[{"priority":1,"slotName":"name"},{"priority":2,"slotName":"count"}]}