{"name":"ProvideName","identifier":"BQ6OHD9Z2O","description":"doctor provides the smart assistant with the name of the patient","parentIntentSignature":null,"sampleUtterances":[{"utterance":"Hi there, we have a patient called {name} here. "},{"utterance":"This patient's name is {name}"},{"utterance":"Pull patient {name} record"},{"utterance":"His name is {name}"},{"utterance":"Her name is {name}"},{"utterance":"They called him {name}"},{"utterance":"This is patient {name} "},{"utterance":"This is another patient: {name} "},{"utterance":"Patient {name} record"}],"intentConfirmationSetting":null,"intentClosingSetting":null,"inputContexts":null,"outputContexts":[{"name":"contextProvideName","timeToLiveInSeconds":90,"turnsToLive":5},{"name":"contextCountICUVisit","timeToLiveInSeconds":90,"turnsToLive":5},{"name":"contextCheckFirstICUVisit","timeToLiveInSeconds":90,"turnsToLive":5}],"kendraConfiguration":null,"dialogCodeHook":{"enabled":false},"fulfillmentCodeHook":{"postFulfillmentStatusSpecification":{"timeoutResponse":null,"successResponse":{"messageGroupsList":[{"message":{"ssmlMessage":null,"customPayload":null,"plainTextMessage":{"value":"Any inquiry about patient {name}?"},"imageResponseCard":null},"variations":null}],"allowInterrupt":true},"failureResponse":null},"fulfillmentUpdatesSpecification":null,"enabled":false},"slotPriorities":[{"priority":1,"slotName":"name"}]}