{"name":"AskForLabReadings","identifier":"FSPY0A6OOG","description":"Ask for the values of lab measurements","parentIntentSignature":null,"sampleUtterances":[{"utterance":"Ask for {name} {lab} readings"},{"utterance":"What were the {name} {lab} results?"},{"utterance":"What were {name} last {lab} readings?"},{"utterance":"Please tell me about {name} last {lab} results."},{"utterance":"What were his last {lab} measurements?"},{"utterance":"What were his {lab} numbers?"},{"utterance":"What was his {lab} level?"}],"intentConfirmationSetting":null,"intentClosingSetting":null,"inputContexts":[{"name":"contextCheckFirstICUVisit","timeToLiveInSeconds":null,"turnsToLive":null},{"name":"contextCountICUVisit","timeToLiveInSeconds":null,"turnsToLive":null},{"name":"contextProvideName","timeToLiveInSeconds":null,"turnsToLive":null}],"outputContexts":[{"name":"contextAskForLabReadings","timeToLiveInSeconds":90,"turnsToLive":5}],"kendraConfiguration":null,"dialogCodeHook":{"enabled":false},"fulfillmentCodeHook":{"postFulfillmentStatusSpecification":{"timeoutResponse":null,"successResponse":{"messageGroupsList":[{"message":{"ssmlMessage":null,"customPayload":null,"plainTextMessage":{"value":"OK"},"imageResponseCard":null},"variations":null}],"allowInterrupt":true},"failureResponse":{"messageGroupsList":[{"message":{"ssmlMessage":null,"customPayload":null,"plainTextMessage":{"value":"Sorry, I cannot find this patient's record"},"imageResponseCard":null},"variations":null}],"allowInterrupt":true}},"fulfillmentUpdatesSpecification":null,"enabled":true},"slotPriorities":[{"priority":3,"slotName":"lab"},{"priority":1,"slotName":"name"},{"priority":2,"slotName":"count"}]}