{"name":"name","identifier":"XGUYF8N5HD","description":null,"slotTypeName":"AMAZON.AlphaNumeric","obfuscationSetting":null,"valueElicitationSetting":{"promptSpecification":{"messageGroupsList":[{"message":{"ssmlMessage":null,"customPayload":null,"plainTextMessage":{"value":"What is the patient's name?"},"imageResponseCard":null},"variations":null}],"maxRetries":4,"allowInterrupt":true},"slotConstraint":"Required","defaultValueSpecification":{"defaultValueList":[{"defaultValue":"#contextProvideName.name"},{"defaultValue":"#contextAskForLabReadings.name"},{"defaultValue":"#contextAskForInfectionOrganism.name"},{"defaultValue":"#contextCountICUVisit.name"},{"defaultValue":"#contextCheckLastDiagnosis.name"}]},"sampleUtterances":null,"waitAndContinueSpecification":null},"multipleValuesSetting":null}