{"name":"AskForMedicalTerms","identifier":"VJAOB2LX7I","description":null,"parentIntentSignature":"AMAZON.KendraSearchIntent","sampleUtterances":null,"intentConfirmationSetting":null,"intentClosingSetting":{"isActive":true,"closingResponse":{"messageGroupsList":[{"message":{"ssmlMessage":null,"customPayload":null,"plainTextMessage":{"value":"Any more question?"},"imageResponseCard":null},"variations":null}],"allowInterrupt":true}},"inputContexts":null,"outputContexts":null,"kendraConfiguration":{"kendraIndex":"arn:aws:kendra:us-east-1:817597399723:index/718164a8-9e69-4c26-bb9a-7cd7d286949b","queryFilterString":null,"queryFilterStringEnabled":false},"dialogCodeHook":null,"fulfillmentCodeHook":{"fulfillmentUpdatesSpecification":null,"postFulfillmentStatusSpecification":{"successResponse":{"messageGroupsList":[{"message":{"ssmlMessage":null,"customPayload":null,"plainTextMessage":{"value":"((x-amz-lex:kendra-search-response-answer-1))"},"imageResponseCard":null},"variations":[{"ssmlMessage":null,"customPayload":null,"plainTextMessage":{"value":"((x-amz-lex:kendra-search-response-question_answer-answer-1))"},"imageResponseCard":null}]}],"allowInterrupt":true},"failureResponse":null,"timeoutResponse":null},"enabled":false},"slotPriorities":[]}