{"name":"CheckFirstICUVisit","identifier":"M5YCKHK8YA","description":"Check whether this is the first time this patient has visited the ICU","parentIntentSignature":null,"sampleUtterances":[{"utterance":"Has {name} visited ICU before?"},{"utterance":"Did {name} ever visit ICU?"},{"utterance":"Is this his first ICU visit?"},{"utterance":"Is this her first ICU visit?"}],"intentConfirmationSetting":null,"intentClosingSetting":null,"inputContexts":[{"name":"contextProvideName","timeToLiveInSeconds":null,"turnsToLive":null}],"outputContexts":[{"name":"contextCheckFirstICUVisit","timeToLiveInSeconds":90,"turnsToLive":5}],"kendraConfiguration":null,"dialogCodeHook":null,"fulfillmentCodeHook":{"postFulfillmentStatusSpecification":{"timeoutResponse":null,"failureResponse":{"messageGroupsList":[{"message":{"ssmlMessage":null,"customPayload":null,"plainTextMessage":{"value":"Sorry, I cannot find this patient's record"},"imageResponseCard":null},"variations":null}],"allowInterrupt":true},"successResponse":{"messageGroupsList":[{"message":{"ssmlMessage":null,"customPayload":null,"plainTextMessage":{"value":"No, this patient has been to ICU before."},"imageResponseCard":null},"variations":[{"ssmlMessage":null,"customPayload":null,"plainTextMessage":{"value":"No, this patient was sent to the ICU before."},"imageResponseCard":null}]}],"allowInterrupt":true}},"fulfillmentUpdatesSpecification":null,"enabled":false},"slotPriorities":[{"priority":1,"slotName":"name"}]}