{"name":"lab","identifier":"AR7UKI4LJL","description":null,"slotTypeName":"readingType","obfuscationSetting":null,"valueElicitationSetting":{"promptSpecification":{"messageGroupsList":[{"message":{"ssmlMessage":null,"customPayload":null,"plainTextMessage":{"value":"What type of reading do you need?"},"imageResponseCard":null},"variations":null}],"maxRetries":4,"allowInterrupt":true},"slotConstraint":"Required","defaultValueSpecification":null,"sampleUtterances":null,"waitAndContinueSpecification":null},"multipleValuesSetting":null}