{"name":"CheckLastDiagnosis","identifier":"5C9EYGGAZU","description":"ask for the last diagnosis of a patient","parentIntentSignature":null,"sampleUtterances":[{"utterance":"What was the his last {count} diagnosis?"},{"utterance":"Tell me the diagnosis of his last {count} ICU visits."},{"utterance":"This name visited the ICU {count} before, what were the diagnoses?"},{"utterance":"This {name} visited the ICU before, what was the diagnosis?"},{"utterance":"Why was he in ICU the last {count} times?"},{"utterance":"The reason of his last {count} ICU visits?"},{"utterance":"The cause of his last {count} ICU visits?"},{"utterance":"What was the patient's previous diagnosis?"}],"intentConfirmationSetting":null,"intentClosingSetting":null,"inputContexts":[{"name":"contextCheckFirstICUVisit","timeToLiveInSeconds":null,"turnsToLive":null},{"name":"contextCountICUVisit","timeToLiveInSeconds":null,"turnsToLive":null},{"name":"contextProvideName","timeToLiveInSeconds":null,"turnsToLive":null}],"outputContexts":[{"name":"contextCheckLastDiagnosis","timeToLiveInSeconds":90,"turnsToLive":5}],"kendraConfiguration":null,"dialogCodeHook":{"enabled":false},"fulfillmentCodeHook":{"postFulfillmentStatusSpecification":{"timeoutResponse":null,"successResponse":null,"failureResponse":{"messageGroupsList":[{"message":{"ssmlMessage":null,"customPayload":null,"plainTextMessage":{"value":"Sorry, I cannot find this patient's record"},"imageResponseCard":null},"variations":null}],"allowInterrupt":true}},"fulfillmentUpdatesSpecification":null,"enabled":true},"slotPriorities":[{"priority":1,"slotName":"count"},{"priority":2,"slotName":"name"}]}