{"name":"name","identifier":"7R4BSLX00O","description":null,"slotTypeName":"AMAZON.AlphaNumeric","obfuscationSetting":null,"valueElicitationSetting":{"promptSpecification":{"messageGroupsList":[{"message":{"ssmlMessage":null,"customPayload":null,"plainTextMessage":{"value":"What is the patient's name please?"},"imageResponseCard":null},"variations":null}],"maxRetries":4,"allowInterrupt":true},"slotConstraint":"Required","defaultValueSpecification":{"defaultValueList":[{"defaultValue":"#contextCheckFirstICUVisit.name"},{"defaultValue":"#contextCountICUVisit.name"},{"defaultValue":"#contextCheckLastDiagnosis.name"},{"defaultValue":"#contextProvideName.name"}]},"sampleUtterances":null,"waitAndContinueSpecification":null},"multipleValuesSetting":null}