{"name":"AskForEthnicity","identifier":"2D1DIUES6Y","description":"Doctor ask the ethnicity of a patient","parentIntentSignature":null,"sampleUtterances":[{"utterance":"What is the patient ethnicity?"},{"utterance":"What is patient {name} ethnicity?"},{"utterance":"Patient's ethnicity please"},{"utterance":"What's this person's ethinicity?"},{"utterance":"Patient ethnicity"},{"utterance":"What is the patient ethnicity"}],"intentConfirmationSetting":null,"intentClosingSetting":null,"inputContexts":[{"name":"contextHello","timeToLiveInSeconds":null,"turnsToLive":null},{"name":"contextProvideName","timeToLiveInSeconds":null,"turnsToLive":null}],"outputContexts":null,"kendraConfiguration":null,"dialogCodeHook":null,"fulfillmentCodeHook":{"postFulfillmentStatusSpecification":{"timeoutResponse":null,"successResponse":{"messageGroupsList":[{"message":{"ssmlMessage":null,"customPayload":null,"plainTextMessage":{"value":"This is his ethnicity."},"imageResponseCard":null},"variations":null}],"allowInterrupt":true},"failureResponse":{"messageGroupsList":[{"message":{"ssmlMessage":null,"customPayload":null,"plainTextMessage":{"value":"Sorry, you are not authorized to view patient {name} ethnicity."},"imageResponseCard":null},"variations":null}],"allowInterrupt":true}},"fulfillmentUpdatesSpecification":null,"enabled":true},"slotPriorities":[{"priority":1,"slotName":"name"},{"priority":2,"slotName":"doctor_name"}]}